date,gas_price
1993-04-05,1.068
1993-04-12,1.079
1993-04-19,1.079
1993-04-26,1.0859999999999999
1993-05-03,1.0859999999999999
1993-05-10,1.097
1993-05-17,1.1059999999999999
1993-05-24,1.1059999999999999
1993-05-31,1.107
1993-06-07,1.104
1993-06-14,1.101
1993-06-21,1.095
1993-06-28,1.089
1993-07-05,1.0859999999999999
1993-07-12,1.081
1993-07-19,1.075
1993-07-26,1.069
1993-08-02,1.062
1993-08-09,1.06
1993-08-16,1.0590000000000002
1993-08-23,1.065
1993-08-30,1.062
1993-09-06,1.055
1993-09-13,1.051
1993-09-20,1.045
1993-09-27,1.047
1993-10-04,1.092
1993-10-11,1.09
1993-10-18,1.093
1993-10-25,1.092
1993-11-01,1.084
1993-11-08,1.075
1993-11-15,1.064
1993-11-22,1.058
1993-11-29,1.051
1993-12-06,1.036
1993-12-13,1.018
1993-12-20,1.003
1993-12-27,0.9990000000000001
1994-01-03,0.992
1994-01-10,0.995
1994-01-17,1.001
1994-01-24,0.9990000000000001
1994-01-31,1.005
1994-02-07,1.0070000000000001
1994-02-14,1.016
1994-02-21,1.0090000000000001
1994-02-28,1.004
1994-03-07,1.0070000000000001
1994-03-14,1.005
1994-03-21,1.0070000000000001
1994-03-28,1.012
1994-04-04,1.011
1994-04-11,1.028
1994-04-18,1.033
1994-04-25,1.037
1994-05-02,1.04
1994-05-09,1.045
1994-05-16,1.046
1994-05-23,1.05
1994-05-30,1.056
1994-06-06,1.065
1994-06-13,1.073
1994-06-20,1.079
1994-06-27,1.095
1994-07-04,1.097
1994-07-11,1.103
1994-07-18,1.109
1994-07-25,1.114
1994-08-01,1.13
1994-08-08,1.157
1994-08-15,1.161
1994-08-22,1.165
1994-08-29,1.161
1994-09-05,1.156
1994-09-12,1.15
1994-09-19,1.14
1994-09-26,1.129
1994-10-03,1.12
1994-10-10,1.114
1994-10-17,1.1059999999999999
1994-10-24,1.107
1994-10-31,1.121
1994-11-07,1.123
1994-11-14,1.122
1994-11-21,1.113
1994-11-28,1.117
1994-12-05,1.127
1994-12-12,1.131
1994-12-19,1.1340000000000001
1994-12-26,1.125
1995-01-02,1.127
1995-01-09,1.1340000000000001
1995-01-16,1.126
1995-01-23,1.1320000000000001
1995-01-30,1.131
1995-02-06,1.124
1995-02-13,1.121
1995-02-20,1.115
1995-02-27,1.121
1995-03-06,1.123
1995-03-13,1.1159999999999999
1995-03-20,1.114
1995-03-27,1.121
1995-04-03,1.133
1995-04-10,1.149
1995-04-17,1.163
1995-04-24,1.1840000000000002
1995-05-01,1.194
1995-05-08,1.216
1995-05-15,1.226
1995-05-22,1.244
1995-05-29,1.246
1995-06-05,1.246
1995-06-12,1.2429999999999999
1995-06-19,1.236
1995-06-26,1.229
1995-07-03,1.222
1995-07-10,1.212
1995-07-17,1.2
1995-07-24,1.1909999999999998
1995-07-31,1.179
1995-08-07,1.1740000000000002
1995-08-14,1.172
1995-08-21,1.171
1995-08-28,1.163
1995-09-04,1.16
1995-09-11,1.158
1995-09-18,1.157
1995-09-25,1.156
1995-10-02,1.151
1995-10-09,1.1440000000000001
1995-10-16,1.133
1995-10-23,1.125
1995-10-30,1.115
1995-11-06,1.112
1995-11-13,1.109
1995-11-20,1.1059999999999999
1995-11-27,1.107
1995-12-04,1.1079999999999999
1995-12-11,1.11
1995-12-18,1.124
1995-12-25,1.128
1996-01-01,1.129
1996-01-08,1.139
1996-01-15,1.145
1996-01-22,1.138
1996-01-29,1.133
1996-02-05,1.13
1996-02-12,1.126
1996-02-19,1.133
1996-02-26,1.153
1996-03-04,1.17
1996-03-11,1.171
1996-03-18,1.181
1996-03-25,1.21
1996-04-01,1.2229999999999999
1996-04-08,1.248
1996-04-15,1.287
1996-04-22,1.301
1996-04-29,1.318
1996-05-06,1.321
1996-05-13,1.3230000000000002
1996-05-20,1.33
1996-05-27,1.321
1996-06-03,1.315
1996-06-10,1.307
1996-06-17,1.3019999999999998
1996-06-24,1.2890000000000001
1996-07-01,1.2790000000000001
1996-07-08,1.276
1996-07-15,1.273
1996-07-22,1.272
1996-07-29,1.263
1996-08-05,1.253
1996-08-12,1.248
1996-08-19,1.249
1996-08-26,1.253
1996-09-02,1.242
1996-09-09,1.247
1996-09-16,1.25
1996-09-23,1.251
1996-09-30,1.245
1996-10-07,1.239
1996-10-14,1.248
1996-10-21,1.249
1996-10-28,1.26
1996-11-04,1.268
1996-11-11,1.272
1996-11-18,1.2819999999999998
1996-11-25,1.2890000000000001
1996-12-02,1.287
1996-12-09,1.287
1996-12-16,1.2830000000000001
1996-12-23,1.278
1996-12-30,1.274
1997-01-06,1.272
1997-01-13,1.287
1997-01-20,1.287
1997-01-27,1.284
1997-02-03,1.2819999999999998
1997-02-10,1.28
1997-02-17,1.273
1997-02-24,1.27
1997-03-03,1.261
1997-03-10,1.253
1997-03-17,1.246
1997-03-24,1.25
1997-03-31,1.246
1997-04-07,1.248
1997-04-14,1.244
1997-04-21,1.245
1997-04-28,1.24
1997-05-05,1.238
1997-05-12,1.238
1997-05-19,1.247
1997-05-26,1.255
1997-06-02,1.258
1997-06-09,1.251
1997-06-16,1.242
1997-06-23,1.232
1997-06-30,1.226
1997-07-07,1.222
1997-07-14,1.219
1997-07-21,1.222
1997-07-28,1.216
1997-08-04,1.237
1997-08-11,1.272
1997-08-18,1.274
1997-08-25,1.288
1997-09-01,1.287
1997-09-08,1.288
1997-09-15,1.281
1997-09-22,1.2690000000000001
1997-09-29,1.255
1997-10-06,1.254
1997-10-13,1.248
1997-10-20,1.238
1997-10-27,1.228
1997-11-03,1.2209999999999999
1997-11-10,1.222
1997-11-17,1.213
1997-11-24,1.207
1997-12-01,1.197
1997-12-08,1.187
1997-12-15,1.176
1997-12-22,1.167
1997-12-29,1.158
1998-01-05,1.148
1998-01-12,1.14
1998-01-19,1.129
1998-01-26,1.112
1998-02-02,1.1079999999999999
1998-02-09,1.101
1998-02-16,1.085
1998-02-23,1.09
1998-03-02,1.075
1998-03-09,1.065
1998-03-16,1.055
1998-03-23,1.047
1998-03-30,1.077
1998-04-06,1.074
1998-04-13,1.072
1998-04-20,1.075
1998-04-27,1.0859999999999999
1998-05-04,1.095
1998-05-11,1.109
1998-05-18,1.109
1998-05-25,1.1079999999999999
1998-06-01,1.104
1998-06-08,1.113
1998-06-15,1.104
1998-06-22,1.0959999999999999
1998-06-29,1.0959999999999999
1998-07-06,1.097
1998-07-13,1.092
1998-07-20,1.097
1998-07-27,1.088
1998-08-03,1.077
1998-08-10,1.072
1998-08-17,1.065
1998-08-24,1.058
1998-08-31,1.053
1998-09-07,1.046
1998-09-14,1.042
1998-09-21,1.053
1998-09-28,1.053
1998-10-05,1.0590000000000002
1998-10-12,1.063
1998-10-19,1.058
1998-10-26,1.055
1998-11-02,1.05
1998-11-09,1.048
1998-11-16,1.037
1998-11-23,1.03
1998-11-30,1.015
1998-12-07,0.996
1998-12-14,0.987
1998-12-21,0.986
1998-12-28,0.9790000000000001
1999-01-04,0.977
1999-01-11,0.982
1999-01-18,0.985
1999-01-25,0.977
1999-02-01,0.971
1999-02-08,0.968
1999-02-15,0.96
1999-02-22,0.9490000000000001
1999-03-01,0.955
1999-03-08,0.963
1999-03-15,1.0170000000000001
1999-03-22,1.056
1999-03-29,1.121
1999-04-05,1.158
1999-04-12,1.179
1999-04-19,1.175
1999-04-26,1.171
1999-05-03,1.176
1999-05-10,1.18
1999-05-17,1.18
1999-05-24,1.166
1999-05-31,1.151
1999-06-07,1.1520000000000001
1999-06-14,1.148
1999-06-21,1.163
1999-06-28,1.153
1999-07-05,1.165
1999-07-12,1.182
1999-07-19,1.208
1999-07-26,1.232
1999-08-02,1.234
1999-08-09,1.246
1999-08-16,1.275
1999-08-23,1.273
1999-08-30,1.273
1999-09-06,1.2819999999999998
1999-09-13,1.29
1999-09-20,1.307
1999-09-27,1.3019999999999998
1999-10-04,1.296
1999-10-11,1.29
1999-10-18,1.2770000000000001
1999-10-25,1.2770000000000001
1999-11-01,1.271
1999-11-08,1.274
1999-11-15,1.2919999999999998
1999-11-22,1.3090000000000002
1999-11-29,1.315
1999-12-06,1.3130000000000002
1999-12-13,1.315
1999-12-20,1.31
1999-12-27,1.314
2000-01-03,1.3119999999999998
2000-01-10,1.304
2000-01-17,1.318
2000-01-24,1.354
2000-01-31,1.355
2000-02-07,1.364
2000-02-14,1.3940000000000001
2000-02-21,1.443
2000-02-28,1.4580000000000002
2000-03-06,1.5390000000000001
2000-03-13,1.5659999999999998
2000-03-20,1.569
2000-03-27,1.5490000000000002
2000-04-03,1.5430000000000001
2000-04-10,1.516
2000-04-17,1.486
2000-04-24,1.4780000000000002
2000-05-01,1.4609999999999999
2000-05-08,1.495
2000-05-15,1.531
2000-05-22,1.5659999999999998
2000-05-29,1.579
2000-06-05,1.599
2000-06-12,1.6640000000000001
2000-06-19,1.7109999999999999
2000-06-26,1.6909999999999998
2000-07-03,1.661
2000-07-10,1.63
2000-07-17,1.5859999999999999
2000-07-24,1.5619999999999998
2000-07-31,1.514
2000-08-07,1.504
2000-08-14,1.489
2000-08-21,1.508
2000-08-28,1.521
2000-09-04,1.568
2000-09-11,1.598
2000-09-18,1.599
2000-09-25,1.5859999999999999
2000-10-02,1.5630000000000002
2000-10-09,1.541
2000-10-16,1.578
2000-10-23,1.588
2000-10-30,1.584
2000-11-06,1.565
2000-11-13,1.5619999999999998
2000-11-20,1.55
2000-11-27,1.5490000000000002
2000-12-04,1.526
2000-12-11,1.49
2000-12-18,1.462
2000-12-25,1.453
2001-01-01,1.446
2001-01-08,1.465
2001-01-15,1.5130000000000001
2001-01-22,1.511
2001-01-29,1.5
2001-02-05,1.483
2001-02-12,1.515
2001-02-19,1.489
2001-02-26,1.4709999999999999
2001-03-05,1.4569999999999999
2001-03-12,1.453
2001-03-19,1.444
2001-03-26,1.445
2001-04-02,1.482
2001-04-09,1.54
2001-04-16,1.61
2001-04-23,1.6580000000000001
2001-04-30,1.665
2001-05-07,1.739
2001-05-14,1.7480000000000002
2001-05-21,1.724
2001-05-28,1.739
2001-06-04,1.715
2001-06-11,1.6880000000000002
2001-06-18,1.6440000000000001
2001-06-25,1.5830000000000002
2001-07-02,1.52
2001-07-09,1.484
2001-07-16,1.459
2001-07-23,1.44
2001-07-30,1.4280000000000002
2001-08-06,1.419
2001-08-13,1.4340000000000002
2001-08-20,1.4669999999999999
2001-08-27,1.5230000000000001
2001-09-03,1.579
2001-09-10,1.5619999999999998
2001-09-17,1.564
2001-09-24,1.5219999999999998
2001-10-01,1.455
2001-10-08,1.393
2001-10-15,1.351
2001-10-22,1.307
2001-10-29,1.2770000000000001
2001-11-05,1.249
2001-11-12,1.224
2001-11-19,1.208
2001-11-26,1.168
2001-12-03,1.149
2001-12-10,1.136
2001-12-17,1.101
2001-12-24,1.113
2001-12-31,1.137
2002-01-07,1.1520000000000001
2002-01-14,1.1520000000000001
2002-01-21,1.146
2002-01-28,1.1420000000000001
2002-02-04,1.157
2002-02-11,1.148
2002-02-18,1.157
2002-02-25,1.157
2002-03-04,1.185
2002-03-11,1.262
2002-03-18,1.328
2002-03-25,1.382
2002-04-01,1.412
2002-04-08,1.454
2002-04-15,1.446
2002-04-22,1.446
2002-04-29,1.435
2002-05-06,1.4369999999999998
2002-05-13,1.431
2002-05-20,1.439
2002-05-27,1.429
2002-06-03,1.433
2002-06-10,1.4169999999999998
2002-06-17,1.419
2002-06-24,1.425
2002-07-01,1.433
2002-07-08,1.423
2002-07-15,1.435
2002-07-22,1.4509999999999998
2002-07-29,1.4469999999999998
2002-08-05,1.4369999999999998
2002-08-12,1.435
2002-08-19,1.4340000000000002
2002-08-26,1.444
2002-09-02,1.436
2002-09-09,1.4369999999999998
2002-09-16,1.442
2002-09-23,1.436
2002-09-30,1.455
2002-10-07,1.48
2002-10-14,1.4809999999999999
2002-10-21,1.499
2002-10-28,1.485
2002-11-04,1.489
2002-11-11,1.48
2002-11-18,1.4509999999999998
2002-11-25,1.423
2002-12-02,1.4080000000000001
2002-12-09,1.4040000000000001
2002-12-16,1.4069999999999998
2002-12-23,1.443
2002-12-30,1.484
2003-01-06,1.4869999999999999
2003-01-13,1.496
2003-01-20,1.5019999999999998
2003-01-27,1.515
2003-02-03,1.569
2003-02-10,1.649
2003-02-17,1.7009999999999998
2003-02-24,1.699
2003-03-03,1.726
2003-03-10,1.7519999999999998
2003-03-17,1.768
2003-03-24,1.732
2003-03-31,1.692
2003-04-07,1.673
2003-04-14,1.639
2003-04-21,1.618
2003-04-28,1.6
2003-05-05,1.556
2003-05-12,1.534
2003-05-19,1.5390000000000001
2003-05-26,1.528
2003-06-02,1.514
2003-06-09,1.53
2003-06-16,1.558
2003-06-23,1.537
2003-06-30,1.528
2003-07-07,1.53
2003-07-14,1.5630000000000002
2003-07-21,1.5659999999999998
2003-07-28,1.558
2003-08-04,1.5759999999999998
2003-08-11,1.611
2003-08-18,1.6680000000000001
2003-08-25,1.787
2003-09-01,1.786
2003-09-08,1.758
2003-09-15,1.739
2003-09-22,1.686
2003-09-29,1.635
2003-10-06,1.617
2003-10-13,1.611
2003-10-20,1.6119999999999999
2003-10-27,1.584
2003-11-03,1.577
2003-11-10,1.547
2003-11-17,1.54
2003-11-24,1.554
2003-12-01,1.5330000000000001
2003-12-08,1.5190000000000001
2003-12-15,1.5090000000000001
2003-12-22,1.528
2003-12-29,1.521
2004-01-05,1.5519999999999998
2004-01-12,1.6030000000000002
2004-01-19,1.6369999999999998
2004-01-26,1.6640000000000001
2004-02-02,1.66
2004-02-09,1.681
2004-02-16,1.69
2004-02-23,1.73
2004-03-01,1.758
2004-03-08,1.78
2004-03-15,1.767
2004-03-22,1.785
2004-03-29,1.8
2004-04-05,1.8219999999999998
2004-04-12,1.827
2004-04-19,1.8530000000000002
2004-04-26,1.8530000000000002
2004-05-03,1.8840000000000001
2004-05-10,1.979
2004-05-17,2.055
2004-05-24,2.104
2004-05-31,2.092
2004-06-07,2.075
2004-06-14,2.029
2004-06-21,1.9809999999999999
2004-06-28,1.965
2004-07-05,1.939
2004-07-12,1.959
2004-07-19,1.9709999999999999
2004-07-26,1.9480000000000002
2004-08-02,1.93
2004-08-09,1.92
2004-08-16,1.9169999999999998
2004-08-23,1.926
2004-08-30,1.909
2004-09-06,1.893
2004-09-13,1.889
2004-09-20,1.9080000000000001
2004-09-27,1.959
2004-10-04,1.98
2004-10-11,2.035
2004-10-18,2.077
2004-10-25,2.074
2004-11-01,2.076
2004-11-08,2.045
2004-11-15,2.0140000000000002
2004-11-22,1.992
2004-11-29,1.989
2004-12-06,1.956
2004-12-13,1.893
2004-12-20,1.861
2004-12-27,1.838
2005-01-03,1.824
2005-01-10,1.837
2005-01-17,1.8630000000000002
2005-01-24,1.896
2005-01-31,1.953
2005-02-07,1.952
2005-02-14,1.9409999999999998
2005-02-21,1.9480000000000002
2005-02-28,1.969
2005-03-07,2.04
2005-03-14,2.0980000000000003
2005-03-21,2.149
2005-03-28,2.194
2005-04-04,2.258
2005-04-11,2.3209999999999997
2005-04-18,2.28
2005-04-25,2.279
2005-05-02,2.2769999999999997
2005-05-09,2.231
2005-05-16,2.206
2005-05-23,2.169
2005-05-30,2.141
2005-06-06,2.1590000000000003
2005-06-13,2.173
2005-06-20,2.204
2005-06-27,2.2569999999999997
2005-07-04,2.2680000000000002
2005-07-11,2.369
2005-07-18,2.36
2005-07-25,2.333
2005-08-01,2.335
2005-08-08,2.41
2005-08-15,2.592
2005-08-22,2.654
2005-08-29,2.653
2005-09-05,3.117
2005-09-12,3.002
2005-09-19,2.835
2005-09-26,2.8510000000000004
2005-10-03,2.975
2005-10-10,2.8960000000000004
2005-10-17,2.775
2005-10-24,2.6519999999999997
2005-10-31,2.528
2005-11-07,2.424
2005-11-14,2.342
2005-11-21,2.247
2005-11-28,2.2
2005-12-05,2.191
2005-12-12,2.228
2005-12-19,2.255
2005-12-26,2.241
2006-01-02,2.281
2006-01-09,2.371
2006-01-16,2.366
2006-01-23,2.3819999999999997
2006-01-30,2.4019999999999997
2006-02-06,2.388
2006-02-13,2.331
2006-02-20,2.286
2006-02-27,2.298
2006-03-06,2.373
2006-03-13,2.408
2006-03-20,2.548
2006-03-27,2.542
2006-04-03,2.6310000000000002
2006-04-10,2.727
2006-04-17,2.8280000000000003
2006-04-24,2.96
2006-05-01,2.966
2006-05-08,2.955
2006-05-15,2.992
2006-05-22,2.938
2006-05-29,2.9130000000000003
2006-06-05,2.937
2006-06-12,2.951
2006-06-19,2.917
2006-06-26,2.9139999999999997
2006-07-03,2.9789999999999996
2006-07-10,3.017
2006-07-17,3.033
2006-07-24,3.048
2006-07-31,3.05
2006-08-07,3.083
2006-08-14,3.0469999999999997
2006-08-21,2.971
2006-08-28,2.8930000000000002
2006-09-04,2.7769999999999997
2006-09-11,2.67
2006-09-18,2.549
2006-09-25,2.4290000000000003
2006-10-02,2.36
2006-10-09,2.31
2006-10-16,2.274
2006-10-23,2.255
2006-10-30,2.2640000000000002
2006-11-06,2.246
2006-11-13,2.278
2006-11-20,2.285
2006-11-27,2.292
2006-12-04,2.342
2006-12-11,2.34
2006-12-18,2.366
2006-12-25,2.387
2007-01-01,2.3819999999999997
2007-01-08,2.354
2007-01-15,2.28
2007-01-22,2.2159999999999997
2007-01-29,2.213
2007-02-05,2.237
2007-02-12,2.287
2007-02-19,2.3409999999999997
2007-02-26,2.428
2007-03-05,2.551
2007-03-12,2.605
2007-03-19,2.623
2007-03-26,2.655
2007-04-02,2.753
2007-04-09,2.8480000000000003
2007-04-16,2.9219999999999997
2007-04-23,2.917
2007-04-30,3.017
2007-05-07,3.097
2007-05-14,3.1430000000000002
2007-05-21,3.258
2007-05-28,3.25
2007-06-04,3.2
2007-06-11,3.122
2007-06-18,3.057
2007-06-25,3.029
2007-07-02,3.005
2007-07-09,3.0260000000000002
2007-07-16,3.092
2007-07-23,3.005
2007-07-30,2.926
2007-08-06,2.888
2007-08-13,2.821
2007-08-20,2.832
2007-08-27,2.7960000000000003
2007-09-03,2.84
2007-09-10,2.862
2007-09-17,2.835
2007-09-24,2.86
2007-10-01,2.838
2007-10-08,2.821
2007-10-15,2.813
2007-10-22,2.873
2007-10-29,2.9210000000000003
2007-11-05,3.06
2007-11-12,3.158
2007-11-19,3.148
2007-11-26,3.147
2007-12-03,3.113
2007-12-10,3.053
2007-12-17,3.05
2007-12-24,3.032
2007-12-31,3.1039999999999996
2008-01-07,3.159
2008-01-14,3.1189999999999998
2008-01-21,3.07
2008-01-28,3.03
2008-02-04,3.03
2008-02-11,3.011
2008-02-18,3.092
2008-02-25,3.18
2008-03-03,3.2119999999999997
2008-03-10,3.273
2008-03-17,3.332
2008-03-24,3.31
2008-03-31,3.339
2008-04-07,3.3810000000000002
2008-04-14,3.438
2008-04-21,3.557
2008-04-28,3.653
2008-05-05,3.6630000000000003
2008-05-12,3.7710000000000004
2008-05-19,3.84
2008-05-26,3.986
2008-06-02,4.026
2008-06-09,4.09
2008-06-16,4.1339999999999995
2008-06-23,4.131
2008-06-30,4.146
2008-07-07,4.165
2008-07-14,4.164
2008-07-21,4.118
2008-07-28,4.01
2008-08-04,3.935
2008-08-11,3.864
2008-08-18,3.7939999999999996
2008-08-25,3.738
2008-09-01,3.733
2008-09-08,3.701
2008-09-15,3.887
2008-09-22,3.772
2008-09-29,3.687
2008-10-06,3.543
2008-10-13,3.213
2008-10-20,2.9739999999999998
2008-10-27,2.718
2008-11-03,2.4619999999999997
2008-11-10,2.2840000000000003
2008-11-17,2.1319999999999997
2008-11-24,1.952
2008-12-01,1.87
2008-12-08,1.758
2008-12-15,1.716
2008-12-22,1.71
2008-12-29,1.67
2009-01-05,1.7369999999999999
2009-01-12,1.835
2009-01-19,1.8980000000000001
2009-01-26,1.89
2009-02-02,1.944
2009-02-09,1.9780000000000002
2009-02-16,2.016
2009-02-23,1.963
2009-03-02,1.9880000000000002
2009-03-09,1.993
2009-03-16,1.964
2009-03-23,2.0140000000000002
2009-03-30,2.097
2009-04-06,2.09
2009-04-13,2.104
2009-04-20,2.112
2009-04-27,2.102
2009-05-04,2.129
2009-05-11,2.29
2009-05-18,2.36
2009-05-25,2.485
2009-06-01,2.572
2009-06-08,2.673
2009-06-15,2.722
2009-06-22,2.7430000000000003
2009-06-29,2.695
2009-07-06,2.6660000000000004
2009-07-13,2.5839999999999996
2009-07-20,2.519
2009-07-27,2.557
2009-08-03,2.61
2009-08-10,2.7
2009-08-17,2.6910000000000003
2009-08-24,2.682
2009-08-31,2.667
2009-09-07,2.642
2009-09-14,2.6319999999999997
2009-09-21,2.6069999999999998
2009-09-28,2.5540000000000003
2009-10-05,2.523
2009-10-12,2.543
2009-10-19,2.6260000000000003
2009-10-26,2.727
2009-11-02,2.7460000000000004
2009-11-09,2.72
2009-11-16,2.6839999999999997
2009-11-23,2.694
2009-11-30,2.6839999999999997
2009-12-07,2.6889999999999996
2009-12-14,2.655
2009-12-21,2.645
2009-12-28,2.662
2010-01-04,2.718
2010-01-11,2.804
2010-01-18,2.793
2010-01-25,2.76
2010-02-01,2.717
2010-02-08,2.707
2010-02-15,2.6639999999999997
2010-02-22,2.7089999999999996
2010-03-01,2.7560000000000002
2010-03-08,2.804
2010-03-15,2.841
2010-03-22,2.87
2010-03-29,2.8510000000000004
2010-04-05,2.877
2010-04-12,2.909
2010-04-19,2.911
2010-04-26,2.9010000000000002
2010-05-03,2.95
2010-05-10,2.958
2010-05-17,2.918
2010-05-24,2.842
2010-05-31,2.784
2010-06-07,2.78
2010-06-14,2.7560000000000002
2010-06-21,2.795
2010-06-28,2.8089999999999997
2010-07-05,2.779
2010-07-12,2.7710000000000004
2010-07-19,2.775
2010-07-26,2.801
2010-08-02,2.7880000000000003
2010-08-09,2.835
2010-08-16,2.798
2010-08-23,2.759
2010-08-30,2.736
2010-09-06,2.735
2010-09-13,2.772
2010-09-20,2.775
2010-09-27,2.747
2010-10-04,2.784
2010-10-11,2.8710000000000004
2010-10-18,2.887
2010-10-25,2.87
2010-11-01,2.861
2010-11-08,2.917
2010-11-15,2.944
2010-11-22,2.931
2010-11-29,2.912
2010-12-06,3.013
2010-12-13,3.035
2010-12-20,3.037
2010-12-27,3.1060000000000003
2011-01-03,3.1239999999999997
2011-01-10,3.142
2011-01-17,3.158
2011-01-24,3.1630000000000003
2011-01-31,3.155
2011-02-07,3.185
2011-02-14,3.193
2011-02-21,3.2430000000000003
2011-02-28,3.435
2011-03-07,3.572
2011-03-14,3.6210000000000004
2011-03-21,3.617
2011-03-28,3.65
2011-04-04,3.737
2011-04-11,3.843
2011-04-18,3.8960000000000004
2011-04-25,3.932
2011-05-02,4.013999999999999
2011-05-09,4.018
2011-05-16,4.013999999999999
2011-05-23,3.904
2011-05-30,3.8480000000000003
2011-06-06,3.833
2011-06-13,3.767
2011-06-20,3.708
2011-06-27,3.6310000000000002
2011-07-04,3.634
2011-07-11,3.695
2011-07-18,3.736
2011-07-25,3.7539999999999996
2011-08-01,3.766
2011-08-08,3.73
2011-08-15,3.662
2011-08-22,3.638
2011-08-29,3.682
2011-09-05,3.727
2011-09-12,3.715
2011-09-19,3.657
2011-09-26,3.568
2011-10-03,3.492
2011-10-10,3.4760000000000004
2011-10-17,3.533
2011-10-24,3.52
2011-10-31,3.511
2011-11-07,3.4819999999999998
2011-11-14,3.495
2011-11-21,3.427
2011-11-28,3.3680000000000003
2011-12-05,3.35
2011-12-12,3.346
2011-12-19,3.29
2011-12-26,3.3169999999999997
2012-01-02,3.358
2012-01-09,3.4410000000000003
2012-01-16,3.451
2012-01-23,3.45
2012-01-30,3.5
2012-02-06,3.542
2012-02-13,3.5839999999999996
2012-02-20,3.6519999999999997
2012-02-27,3.78
2012-03-05,3.8489999999999998
2012-03-12,3.884
2012-03-19,3.923
2012-03-26,3.9730000000000003
2012-04-02,3.9960000000000004
2012-04-09,3.997
2012-04-16,3.98
2012-04-23,3.929
2012-04-30,3.889
2012-05-07,3.8489999999999998
2012-05-14,3.8139999999999996
2012-05-21,3.773
2012-05-28,3.728
2012-06-04,3.6710000000000003
2012-06-11,3.6289999999999996
2012-06-18,3.589
2012-06-25,3.4939999999999998
2012-07-02,3.415
2012-07-09,3.469
2012-07-16,3.485
2012-07-23,3.554
2012-07-30,3.568
2012-08-06,3.702
2012-08-13,3.779
2012-08-20,3.803
2012-08-27,3.8369999999999997
2012-09-03,3.903
2012-09-10,3.907
2012-09-17,3.9389999999999996
2012-09-24,3.889
2012-10-01,3.866
2012-10-08,3.9139999999999997
2012-10-15,3.886
2012-10-22,3.7560000000000002
2012-10-29,3.638
2012-11-05,3.563
2012-11-12,3.5180000000000002
2012-11-19,3.497
2012-11-26,3.505
2012-12-03,3.463
2012-12-10,3.4189999999999996
2012-12-17,3.324
2012-12-24,3.3280000000000003
2012-12-31,3.3689999999999998
2013-01-07,3.373
2013-01-14,3.377
2013-01-21,3.386
2013-01-28,3.427
2013-02-04,3.6039999999999996
2013-02-11,3.677
2013-02-18,3.812
2013-02-25,3.8510000000000004
2013-03-04,3.826
2013-03-11,3.779
2013-03-18,3.764
2013-03-25,3.7460000000000004
2013-04-01,3.714
2013-04-08,3.676
2013-04-15,3.611
2013-04-22,3.603
2013-04-29,3.5869999999999997
2013-05-06,3.602
2013-05-13,3.665
2013-05-20,3.7289999999999996
2013-05-27,3.7039999999999997
2013-06-03,3.705
2013-06-10,3.715
2013-06-17,3.6889999999999996
2013-06-24,3.645
2013-07-01,3.5669999999999997
2013-07-08,3.563
2013-07-15,3.7060000000000004
2013-07-22,3.7510000000000003
2013-07-29,3.716
2013-08-05,3.701
2013-08-12,3.633
2013-08-19,3.622
2013-08-26,3.623
2013-09-02,3.678
2013-09-09,3.658
2013-09-16,3.6189999999999998
2013-09-23,3.5669999999999997
2013-09-30,3.4989999999999997
2013-10-07,3.4410000000000003
2013-10-14,3.43
2013-10-21,3.435
2013-10-28,3.372
2013-11-04,3.343
2013-11-11,3.2739999999999996
2013-11-18,3.298
2013-11-25,3.372
2013-12-02,3.353
2013-12-09,3.35
2013-12-16,3.321
2013-12-23,3.3510000000000004
2013-12-30,3.409
2014-01-06,3.411
2014-01-13,3.406
2014-01-20,3.3760000000000003
2014-01-27,3.375
2014-02-03,3.372
2014-02-10,3.388
2014-02-17,3.457
2014-02-24,3.52
2014-03-03,3.553
2014-03-10,3.5839999999999996
2014-03-17,3.6189999999999998
2014-03-24,3.622
2014-03-31,3.6510000000000002
2014-04-07,3.67
2014-04-14,3.725
2014-04-21,3.758
2014-04-28,3.7880000000000003
2014-05-05,3.761
2014-05-12,3.7460000000000004
2014-05-19,3.7430000000000003
2014-05-26,3.75
2014-06-02,3.765
2014-06-09,3.7489999999999997
2014-06-16,3.76
2014-06-23,3.778
2014-06-30,3.778
2014-07-07,3.753
2014-07-14,3.7119999999999997
2014-07-21,3.6710000000000003
2014-07-28,3.617
2014-08-04,3.595
2014-08-11,3.582
2014-08-18,3.549
2014-08-25,3.532
2014-09-01,3.536
2014-09-08,3.534
2014-09-15,3.485
2014-09-22,3.432
2014-09-29,3.4339999999999997
2014-10-06,3.3819999999999997
2014-10-13,3.292
2014-10-20,3.205
2014-10-27,3.139
2014-11-03,3.077
2014-11-10,3.025
2014-11-17,2.978
2014-11-24,2.907
2014-12-01,2.864
2014-12-08,2.767
2014-12-15,2.6430000000000002
2014-12-22,2.496
2014-12-29,2.392
2015-01-05,2.3080000000000003
2015-01-12,2.2319999999999998
2015-01-19,2.157
2015-01-26,2.133
2015-02-02,2.154
2015-02-09,2.276
2015-02-16,2.358
2015-02-23,2.415
2015-03-02,2.556
2015-03-09,2.57
2015-03-16,2.537
2015-03-23,2.5380000000000003
2015-03-30,2.531
2015-04-06,2.499
2015-04-13,2.494
2015-04-20,2.57
2015-04-27,2.656
2015-05-04,2.7489999999999997
2015-05-11,2.7760000000000002
2015-05-18,2.827
2015-05-25,2.8569999999999998
2015-06-01,2.863
2015-06-08,2.863
2015-06-15,2.918
2015-06-22,2.895
2015-06-29,2.885
2015-07-06,2.877
2015-07-13,2.92
2015-07-20,2.888
2015-07-27,2.833
2015-08-03,2.779
2015-08-10,2.72
2015-08-17,2.803
2015-08-24,2.7260000000000004
2015-08-31,2.602
2015-09-07,2.532
2015-09-14,2.471
2015-09-21,2.425
2015-09-28,2.418
2015-10-05,2.415
2015-10-12,2.432
2015-10-19,2.374
2015-10-26,2.326
2015-11-02,2.322
2015-11-09,2.335
2015-11-16,2.281
2015-11-23,2.198
2015-11-30,2.165
2015-12-07,2.1590000000000003
2015-12-14,2.144
2015-12-21,2.133
2015-12-28,2.141
2016-01-04,2.135
2016-01-11,2.104
2016-01-18,2.022
2016-01-25,1.965
2016-02-01,1.932
2016-02-08,1.87
2016-02-15,1.834
2016-02-22,1.837
2016-02-29,1.8869999999999998
2016-03-07,1.943
2016-03-14,2.062
2016-03-21,2.109
2016-03-28,2.169
2016-04-04,2.185
2016-04-11,2.173
2016-04-18,2.24
2016-04-25,2.265
2016-05-02,2.342
2016-05-09,2.325
2016-05-16,2.345
2016-05-23,2.403
2016-05-30,2.44
2016-06-06,2.4819999999999998
2016-06-13,2.499
2016-06-20,2.455
2016-06-27,2.432
2016-07-04,2.396
2016-07-11,2.359
2016-07-18,2.336
2016-07-25,2.289
2016-08-01,2.267
2016-08-08,2.256
2016-08-15,2.256
2016-08-22,2.299
2016-08-29,2.3409999999999997
2016-09-05,2.329
2016-09-12,2.31
2016-09-19,2.333
2016-09-26,2.334
2016-10-03,2.354
2016-10-10,2.381
2016-10-17,2.367
2016-10-24,2.353
2016-10-31,2.3409999999999997
2016-11-07,2.345
2016-11-14,2.298
2016-11-21,2.269
2016-11-28,2.2680000000000002
2016-12-05,2.3209999999999997
2016-12-12,2.347
2016-12-19,2.375
2016-12-26,2.419
2017-01-02,2.485
2017-01-09,2.496
2017-01-16,2.467
2017-01-23,2.436
2017-01-30,2.408
2017-02-06,2.405
2017-02-13,2.418
2017-02-20,2.414
2017-02-27,2.427
2017-03-06,2.452
2017-03-13,2.434
2017-03-20,2.4330000000000003
2017-03-27,2.428
2017-04-03,2.471
2017-04-10,2.5340000000000003
2017-04-17,2.546
2017-04-24,2.559
2017-05-01,2.522
2017-05-08,2.484
2017-05-15,2.481
2017-05-22,2.51
2017-05-29,2.516
2017-06-05,2.525
2017-06-12,2.479
2017-06-19,2.4330000000000003
2017-06-26,2.404
2017-07-03,2.376
2017-07-10,2.411
2017-07-17,2.392
2017-07-24,2.426
2017-07-31,2.467
2017-08-07,2.492
2017-08-14,2.497
2017-08-21,2.474
2017-08-28,2.513
2017-09-04,2.7939999999999996
2017-09-11,2.8
2017-09-18,2.75
2017-09-25,2.701
2017-10-02,2.682
2017-10-09,2.622
2017-10-16,2.605
2017-10-23,2.594
2017-10-30,2.602
2017-11-06,2.673
2017-11-13,2.7060000000000004
2017-11-20,2.6830000000000003
2017-11-27,2.648
2017-12-04,2.617
2017-12-11,2.6010000000000004
2017-12-18,2.568
2017-12-25,2.589
2018-01-01,2.637
2018-01-08,2.639
2018-01-15,2.673
2018-01-22,2.6839999999999997
2018-01-29,2.7230000000000003
2018-02-05,2.753
2018-02-12,2.7239999999999998
2018-02-19,2.676
2018-02-26,2.6660000000000004
2018-03-05,2.679
2018-03-12,2.677
2018-03-19,2.716
2018-03-26,2.764
2018-04-02,2.8169999999999997
2018-04-09,2.8110000000000004
2018-04-16,2.863
2018-04-23,2.9139999999999997
2018-04-30,2.9610000000000003
2018-05-07,2.96
2018-05-14,2.949
2018-05-21,2.9989999999999997
2018-05-28,3.0389999999999997
2018-06-04,3.0180000000000002
2018-06-11,2.989
2018-06-18,2.958
2018-06-25,2.9130000000000003
2018-07-02,2.924
2018-07-09,2.937
2018-07-16,2.943
2018-07-23,2.911
2018-07-30,2.924
2018-08-06,2.93
2018-08-13,2.9210000000000003
2018-08-20,2.9
2018-08-27,2.906
2018-09-03,2.903
2018-09-10,2.912
2018-09-17,2.9210000000000003
2018-09-24,2.923
2018-10-01,2.947
2018-10-08,2.984
2018-10-15,2.9610000000000003
2018-10-22,2.925
2018-10-29,2.8960000000000004
2018-11-05,2.84
2018-11-12,2.773
2018-11-19,2.7
2018-11-26,2.63
2018-12-03,2.544
2018-12-10,2.511
2018-12-17,2.46
2018-12-24,2.4130000000000003
2018-12-31,2.358
2019-01-07,2.329
2019-01-14,2.338
2019-01-21,2.34
2019-01-28,2.343
2019-02-04,2.3409999999999997
2019-02-11,2.3609999999999998
2019-02-18,2.4
2019-02-25,2.471
2019-03-04,2.502
2019-03-11,2.549
2019-03-18,2.625
2019-03-25,2.701
2019-04-01,2.77
2019-04-08,2.826
2019-04-15,2.912
2019-04-22,2.926
2019-04-29,2.972
2019-05-06,2.983
2019-05-13,2.9539999999999997
2019-05-20,2.9389999999999996
2019-05-27,2.909
2019-06-03,2.8930000000000002
2019-06-10,2.821
2019-06-17,2.759
2019-06-24,2.741
2019-07-01,2.798
2019-07-08,2.827
2019-07-15,2.86
2019-07-22,2.833
2019-07-29,2.798
2019-08-05,2.772
2019-08-12,2.71
2019-08-19,2.6839999999999997
2019-08-26,2.661
2019-09-02,2.6510000000000002
2019-09-09,2.638
2019-09-16,2.64
2019-09-23,2.741
2019-09-30,2.737
2019-10-07,2.742
2019-10-14,2.727
2019-10-21,2.735
2019-10-28,2.6919999999999997
2019-11-04,2.702
2019-11-11,2.7110000000000003
2019-11-18,2.688
2019-11-25,2.6719999999999997
2019-12-02,2.667
2019-12-09,2.6519999999999997
2019-12-16,2.627
2019-12-23,2.6210000000000004
2019-12-30,2.658
2020-01-06,2.665
2020-01-13,2.657
2020-01-20,2.625
2020-01-27,2.595
2020-02-03,2.546
2020-02-10,2.511
2020-02-17,2.5180000000000002
2020-02-24,2.555
2020-03-02,2.5140000000000002
2020-03-09,2.468
2020-03-16,2.343
2020-03-23,2.217
2020-03-30,2.103
2020-04-06,2.022
2020-04-13,1.9509999999999998
2020-04-20,1.91
2020-04-27,1.87
2020-05-04,1.883
2020-05-11,1.9409999999999998
2020-05-18,1.969
2020-05-25,2.049
2020-06-01,2.064
2020-06-08,2.123
2020-06-15,2.185
2020-06-22,2.2159999999999997
2020-06-29,2.26
2020-07-06,2.265
2020-07-13,2.283
2020-07-20,2.275
2020-07-27,2.265
2020-08-03,2.266
2020-08-10,2.256
2020-08-17,2.256
2020-08-24,2.272
2020-08-31,2.311
2020-09-07,2.302
